{
  "mean": 0.4979083240032196,
  "std": 0.2603689134120941,
  "num_images": 211397,
  "computed_on": "train",
  "seed": 42
}